Workbook

Sheet All Brand Products
A1: All Brand Items - Electronics E-commerce Catalog
A2: Product ID | B2: Category | C2: Brand | D2: Product Item / Model | E2: Supplier ID | F2: Supplier Name | G2: SKU | H2: Purchase Price (PKR) | I2: Selling Price (PKR) | J2: Profit / Unit | K2: Stock | L2: Reorder Level | M2: Stock Value | N2: Status
A3: P-1001 | B3: Laptops | C3: Apple | D3: MacBook Air M3 13-inch | E3: S-001 | F3: TechZone Distributors | G3: L-APPL-1001 | H3: 285000 | I3: 315000 | J3: =I3-H3 -> 30000 | K3: 10 | L3: 3 | M3: =I3*K3 -> 3150000 | N3: Active
A4: P-1002 | B4: Laptops | C4: Dell | D4: Dell XPS 13 Plus | E4: S-001 | F4: TechZone Distributors | G4: L-DELL-1002 | H4: 250000 | I4: 282000 | J4: =I4-H4 -> 32000 | K4: 7 | L4: 2 | M4: =I4*K4 -> 1974000 | N4: Active
A5: P-1003 | B5: Laptops | C5: HP | D5: HP Spectre x360 14 | E5: S-005 | F5: Pak Electronics Wholesale | G5: L-HP-1003 | H5: 230000 | I5: 260000 | J5: =I5-H5 -> 30000 | K5: 8 | L5: 2 | M5: =I5*K5 -> 2080000 | N5: Active
A6: P-1004 | B6: Laptops | C6: Lenovo | D6: Lenovo ThinkPad X1 Carbon | E6: S-001 | F6: TechZone Distributors | G6: L-LENO-1004 | H6: 265000 | I6: 298000 | J6: =I6-H6 -> 33000 | K6: 6 | L6: 2 | M6: =I6*K6 -> 1788000 | N6: Active
A7: P-1005 | B7: Laptops | C7: Asus | D7: ASUS Zenbook 14 OLED | E7: S-005 | F7: Pak Electronics Wholesale | G7: L-ASUS-1005 | H7: 185000 | I7: 215000 | J7: =I7-H7 -> 30000 | K7: 12 | L7: 4 | M7: =I7*K7 -> 2580000 | N7: Active
A8: P-1006 | B8: Laptops | C8: Acer | D8: Acer Aspire 5 | E8: S-005 | F8: Pak Electronics Wholesale | G8: L-ACER-1006 | H8: 130000 | I8: 152000 | J8: =I8-H8 -> 22000 | K8: 15 | L8: 5 | M8: =I8*K8 -> 2280000 | N8: Active
A9: P-1007 | B9: Laptops | C9: MSI | D9: MSI Katana 15 Gaming | E9: S-004 | F9: Global Gadgets | G9: L-MSI-1007 | H9: 245000 | I9: 278000 | J9: =I9-H9 -> 33000 | K9: 5 | L9: 2 | M9: =I9*K9 -> 1390000 | N9: Active
A10: P-1008 | B10: Laptops | C10: Microsoft Surface | D10: Surface Laptop 5 | E10: S-004 | F10: Global Gadgets | G10: L-MICR-1008 | H10: 255000 | I10: 288000 | J10: =I10-H10 -> 33000 | K10: 4 | L10: 2 | M10: =I10*K10 -> 1152000 | N10: Active
A11: P-1009 | B11: Laptops | C11: Samsung | D11: Samsung Galaxy Book4 Pro | E11: S-004 | F11: Global Gadgets | G11: L-SAMS-1009 | H11: 260000 | I11: 294000 | J11: =I11-H11 -> 34000 | K11: 5 | L11: 2 | M11: =I11*K11 -> 1470000 | N11: Active
A12: P-1010 | B12: Laptops | C12: Razer | D12: Razer Blade 15 | E12: S-004 | F12: Global Gadgets | G12: L-RAZE-1010 | H12: 430000 | I12: 480000 | J12: =I12-H12 -> 50000 | K12: 3 | L12: 1 | M12: =I12*K12 -> 1440000 | N12: Active
A13: P-1011 | B13: Laptops | C13: Gigabyte | D13: Gigabyte G5 Gaming Laptop | E13: S-004 | F13: Global Gadgets | G13: L-GIGA-1011 | H13: 210000 | I13: 242000 | J13: =I13-H13 -> 32000 | K13: 7 | L13: 2 | M13: =I13*K13 -> 1694000 | N13: Active
A14: P-1012 | B14: Laptops | C14: Huawei | D14: Huawei MateBook D16 | E14: S-001 | F14: TechZone Distributors | G14: L-HUAW-1012 | H14: 165000 | I14: 192000 | J14: =I14-H14 -> 27000 | K14: 9 | L14: 3 | M14: =I14*K14 -> 1728000 | N14: Active
... A55: P-1053 | B55: Headphones | C55: Baseus | D55: Baseus Bowie H1i | E55: S-005 | F55: Pak Electronics Wholesale | G55: H-BASE-1053 | H55: 13000 | I55: 18000 | J55: =I55-H55 -> 5000 | K55: 35 | L55: 10 | M55: =I55*K55 -> 630000 | N55: Active

Sheet Brands by Category
A1: Brands and Items by Category
A2: Category | B2: Brand | C2: Sample Product Item
A3: Laptops | B3: Apple | C3: MacBook Air M3 13-inch
A4: Laptops | B4: Dell | C4: Dell XPS 13 Plus
A5: Laptops | B5: HP | C5: HP Spectre x360 14
A6: Laptops | B6: Lenovo | C6: Lenovo ThinkPad X1 Carbon
A7: Laptops | B7: Asus | C7: ASUS Zenbook 14 OLED
A8: Laptops | B8: Acer | C8: Acer Aspire 5
A9: Laptops | B9: MSI | C9: MSI Katana 15 Gaming
A10: Laptops | B10: Microsoft Surface | C10: Surface Laptop 5
A11: Laptops | B11: Samsung | C11: Samsung Galaxy Book4 Pro
A12: Laptops | B12: Razer | C12: Razer Blade 15
A13: Laptops | B13: Gigabyte | C13: Gigabyte G5 Gaming Laptop
... A55: Headphones | B55: Baseus | C55: Baseus Bowie H1i

Sheet Suppliers
A1: Supplier List
A2: Supplier ID | B2: Supplier Name | C2: City | D2: Email | E2: Phone | F2: Supply Categories
A3: S-001 | B3: TechZone Distributors | C3: Karachi | D3: techzone@example.com | E3: 0300-1111111 | F3: Laptops, Smart Watches
A4: S-002 | B4: MobileCity Suppliers | C4: Lahore | D4: mobilecity@example.com | E4: 0300-2222222 | F4: Mobiles
A5: S-003 | B5: AudioMax Traders | C5: Karachi | D5: audiomax@example.com | E5: 0300-3333333 | F5: Headphones
A6: S-004 | B6: Global Gadgets | C6: Islamabad | D6: globalgadgets@example.com | E6: 0300-4444444 | F6: Mixed Electronics
A7: S-005 | B7: Pak Electronics Wholesale | C7: Karachi | D7: pakelectronics@example.com | E7: 0300-5555555 | F7: Mixed Electronics

Sheet Summary
A1: Catalog Summary
A3: Category | B3: Total Items | C3: Total Stock | D3: Total Stock Value | E3: Average Selling Price
A4: Laptops | B4: =COUNTIF('All Brand Products'!$B$3:$B$55,A4) -> 12 | C4: =SUMIF('All Brand Products'!$B$3:$B$55,A4,'All Brand Products'!$K$3:$K$55) -> 91 | D4: =SUMIF('All Brand Products'!$B$3:$B$55,A4,'All Brand Products'!$M$3:$M$55) -> 22726000 | E4: =AVERAGEIF('All Brand Products'!$B$3:$B$55,A4,'All Brand Products'!$I$3:$I$55) -> 274666.67
A5: Mobiles | B5: =COUNTIF('All Brand Products'!$B$3:$B$55,A5) -> 15 | C5: =SUMIF('All Brand Products'!$B$3:$B$55,A5,'All Brand Products'!$K$3:$K$55) -> 306 | D5: =SUMIF('All Brand Products'!$B$3:$B$55,A5,'All Brand Products'!$M$3:$M$55) -> 39931000 | E5: =AVERAGEIF('All Brand Products'!$B$3:$B$55,A5,'All Brand Products'!$I$3:$I$55) -> 162533.33
A6: Smart Watches | B6: =COUNTIF('All Brand Products'!$B$3:$B$55,A6) -> 12 | C6: =SUMIF('All Brand Products'!$B$3:$B$55,A6,'All Brand Products'!$K$3:$K$55) -> 269 | D6: =SUMIF('All Brand Products'!$B$3:$B$55,A6,'All Brand Products'!$M$3:$M$55) -> 11183500 | E6: =AVERAGEIF('All Brand Products'!$B$3:$B$55,A6,'All Brand Products'!$I$3:$I$55) -> 54125
A7: Headphones | B7: =COUNTIF('All Brand Products'!$B$3:$B$55,A7) -> 14 | C7: =SUMIF('All Brand Products'!$B$3:$B$55,A7,'All Brand Products'!$K$3:$K$55) -> 318 | D7: =SUMIF('All Brand Products'!$B$3:$B$55,A7,'All Brand Products'!$M$3:$M$55) -> 10752000 | E7: =AVERAGEIF('All Brand Products'!$B$3:$B$55,A7,'All Brand Products'!$I$3:$I$55) -> 47000
A10: Supplier | B10: Items Supplied | C10: Total Stock | D10: Stock Value
A11: TechZone Distributors | B11: =COUNTIF('All Brand Products'!$F$3:$F$55,A11) -> 6 | C11: =SUMIF('All Brand Products'!$F$3:$F$55,A11,'All Brand Products'!$K$3:$K$55) -> 64 | D11: =SUMIF('All Brand Products'!$F$3:$F$55,A11,'All Brand Products'!$M$3:$M$55) -> 11322000
A12: MobileCity Suppliers | B12: =COUNTIF('All Brand Products'!$F$3:$F$55,A12) -> 8 | C12: =SUMIF('All Brand Products'!$F$3:$F$55,A12,'All Brand Products'!$K$3:$K$55) -> 175 | D12: =SUMIF('All Brand Products'!$F$3:$F$55,A12,'All Brand Products'!$M$3:$M$55) -> 25538000
A13: AudioMax Traders | B13: =COUNTIF('All Brand Products'!$F$3:$F$55,A13) -> 10 | C13: =SUMIF('All Brand Products'!$F$3:$F$55,A13,'All Brand Products'!$K$3:$K$55) -> 183 | D13: =SUMIF('All Brand Products'!$F$3:$F$55,A13,'All Brand Products'!$M$3:$M$55) -> 7287000
A14: Global Gadgets | B14: =COUNTIF('All Brand Products'!$F$3:$F$55,A14) -> 15 | C14: =SUMIF('All Brand Products'!$F$3:$F$55,A14,'All Brand Products'!$K$3:$K$55) -> 157 | D14: =SUMIF('All Brand Products'!$F$3:$F$55,A14,'All Brand Products'!$M$3:$M$55) -> 21500500
A15: Pak Electronics Wholesale | B15: =COUNTIF('All Brand Products'!$F$3:$F$55,A15) -> 14 | C15: =SUMIF('All Brand Products'!$F$3:$F$55,A15,'All Brand Products'!$K$3:$K$55) -> 405 | D15: =SUMIF('All Brand Products'!$F$3:$F$55,A15,'All Brand Products'!$M$3:$M$55) -> 18945000
