Workbook

Sheet Products
A1: Pakistan Electronics Product Catalog
A2: 250 products across 25 electronics and appliance categories
A3: Prices are sample Pakistan retail estimates in PKR for database/import practice; they are not live quotations.
A4: ID | B4: SKU | C4: Product Name | D4: Brand | E4: Category | F4: Price (PKR) | G4: Currency
A5: 1 | B5: PK-ELEC-0001 | C5: Samsung Galaxy A16 5G | D5: Samsung | E5: Smartphones | F5: 75000 | G5: PKR
A6: 2 | B6: PK-ELEC-0002 | C6: Samsung Galaxy S25 Ultra | D6: Samsung | E6: Smartphones | F6: 450000 | G6: PKR
A7: 3 | B7: PK-ELEC-0003 | C7: Apple iPhone 16 128GB | D7: Apple | E7: Smartphones | F7: 340000 | G7: PKR
A8: 4 | B8: PK-ELEC-0004 | C8: Apple iPhone 16 Pro Max 512GB | D8: Apple | E8: Smartphones | F8: 565000 | G8: PKR
A9: 5 | B9: PK-ELEC-0005 | C9: Xiaomi Redmi Note 14 Pro | D9: Xiaomi | E9: Smartphones | F9: 85000 | G9: PKR
A10: 6 | B10: PK-ELEC-0006 | C10: Infinix Note 50 Pro | D10: Infinix | E10: Smartphones | F10: 80000 | G10: PKR
A11: 7 | B11: PK-ELEC-0007 | C11: Tecno Camon 40 Pro | D11: Tecno | E11: Smartphones | F11: 85000 | G11: PKR
A12: 8 | B12: PK-ELEC-0008 | C12: Vivo V50 | D12: Vivo | E12: Smartphones | F12: 160000 | G12: PKR
A13: 9 | B13: PK-ELEC-0009 | C13: Oppo Reno 13 | D13: Oppo | E13: Smartphones | F13: 180000 | G13: PKR
A14: 10 | B14: PK-ELEC-0010 | C14: Realme 14 Pro Plus | D14: Realme | E14: Smartphones | F14: 150000 | G14: PKR
A15: 11 | B15: PK-ELEC-0011 | C15: HP 15-fd0132wm Core i5 | D15: HP | E15: Laptops | F15: 165000 | G15: PKR
A16: 12 | B16: PK-ELEC-0012 | C16: Dell Inspiron 15 3530 | D16: Dell | E16: Laptops | F16: 180000 | G16: PKR
... A254: 250 | B254: PK-ELEC-0250 | C254: Anker Nebula Capsule 3 | D254: Anker | E254: Projectors | F254: 225000 | G254: PKR

Sheet Category Summary
A1: Electronics Catalog Summary
A2: Category counts and price ranges linked to the Products sheet
A4: Category | B4: Products | C4: Minimum Price | D4: Average Price | E4: Maximum Price | G4: Catalog KPI | H4: Value
A5: Smartphones | B5: =COUNTIF(Products!$E$5:$E$254,A5) -> 10 | C5: =_xludf.MINIFS(Products!$F$5:$F$254,Products!$E$5:$E$254,A5) -> #NAME? | D5: =AVERAGEIF(Products!$E$5:$E$254,A5,Products!$F$5:$F$254) -> 217000 | E5: =_xludf.MAXIFS(Products!$F$5:$F$254,Products!$E$5:$E$254,A5) -> #NAME? | G5: Total Products | H5: =COUNTA(Products!$A$5:$A$254) -> 250
A6: Laptops | B6: =COUNTIF(Products!$E$5:$E$254,A6) -> 10 | C6: =_xludf.MINIFS(Products!$F$5:$F$254,Products!$E$5:$E$254,A6) -> #NAME? | D6: =AVERAGEIF(Products!$E$5:$E$254,A6,Products!$F$5:$F$254) -> 282000 | E6: =_xludf.MAXIFS(Products!$F$5:$F$254,Products!$E$5:$E$254,A6) -> #NAME? | G6: Total Categories | H6: =COUNTA(A5:A29) -> 25
A7: Tablets | B7: =COUNTIF(Products!$E$5:$E$254,A7) -> 10 | C7: =_xludf.MINIFS(Products!$F$5:$F$254,Products!$E$5:$E$254,A7) -> #NAME? | D7: =AVERAGEIF(Products!$E$5:$E$254,A7,Products!$F$5:$F$254) -> 154000 | E7: =_xludf.MAXIFS(Products!$F$5:$F$254,Products!$E$5:$E$254,A7) -> #NAME? | G7: Average Price | H7: =AVERAGE(Products!$F$5:$F$254) -> 133688
A8: Smart TVs | B8: =COUNTIF(Products!$E$5:$E$254,A8) -> 10 | C8: =_xludf.MINIFS(Products!$F$5:$F$254,Products!$E$5:$E$254,A8) -> #NAME? | D8: =AVERAGEIF(Products!$E$5:$E$254,A8,Products!$F$5:$F$254) -> 188500 | E8: =_xludf.MAXIFS(Products!$F$5:$F$254,Products!$E$5:$E$254,A8) -> #NAME? | G8: Lowest Price | H8: =MIN(Products!$F$5:$F$254) -> 3000
A9: Monitors | B9: =COUNTIF(Products!$E$5:$E$254,A9) -> 10 | C9: =_xludf.MINIFS(Products!$F$5:$F$254,Products!$E$5:$E$254,A9) -> #NAME? | D9: =AVERAGEIF(Products!$E$5:$E$254,A9,Products!$F$5:$F$254) -> 108200 | E9: =_xludf.MAXIFS(Products!$F$5:$F$254,Products!$E$5:$E$254,A9) -> #NAME? | G9: Highest Price | H9: =MAX(Products!$F$5:$F$254) -> 2400000
A10: Cameras | B10: =COUNTIF(Products!$E$5:$E$254,A10) -> 10 | C10: =_xludf.MINIFS(Products!$F$5:$F$254,Products!$E$5:$E$254,A10) -> #NAME? | D10: =AVERAGEIF(Products!$E$5:$E$254,A10,Products!$F$5:$F$254) -> 520500 | E10: =_xludf.MAXIFS(Products!$F$5:$F$254,Products!$E$5:$E$254,A10) -> #NAME?
A11: Gaming Consoles | B11: =COUNTIF(Products!$E$5:$E$254,A11) -> 10 | C11: =_xludf.MINIFS(Products!$F$5:$F$254,Products!$E$5:$E$254,A11) -> #NAME? | D11: =AVERAGEIF(Products!$E$5:$E$254,A11,Products!$F$5:$F$254) -> 194000 | E11: =_xludf.MAXIFS(Products!$F$5:$F$254,Products!$E$5:$E$254,A11) -> #NAME?
A12: Smartwatches | B12: =COUNTIF(Products!$E$5:$E$254,A12) -> 10 | C12: =_xludf.MINIFS(Products!$F$5:$F$254,Products!$E$5:$E$254,A12) -> #NAME? | D12: =AVERAGEIF(Products!$E$5:$E$254,A12,Products!$F$5:$F$254) -> 119000 | E12: =_xludf.MAXIFS(Products!$F$5:$F$254,Products!$E$5:$E$254,A12) -> #NAME?
A13: Headphones | B13: =COUNTIF(Products!$E$5:$E$254,A13) -> 10 | C13: =_xludf.MINIFS(Products!$F$5:$F$254,Products!$E$5:$E$254,A13) -> #NAME? | D13: =AVERAGEIF(Products!$E$5:$E$254,A13,Products!$F$5:$F$254) -> 92500 | E13: =_xludf.MAXIFS(Products!$F$5:$F$254,Products!$E$5:$E$254,A13) -> #NAME?
A14: Earbuds | B14: =COUNTIF(Products!$E$5:$E$254,A14) -> 10 | C14: =_xludf.MINIFS(Products!$F$5:$F$254,Products!$E$5:$E$254,A14) -> #NAME? | D14: =AVERAGEIF(Products!$E$5:$E$254,A14,Products!$F$5:$F$254) -> 50600 | E14: =_xludf.MAXIFS(Products!$F$5:$F$254,Products!$E$5:$E$254,A14) -> #NAME?
A15: Bluetooth Speakers | B15: =COUNTIF(Products!$E$5:$E$254,A15) -> 10 | C15: =_xludf.MINIFS(Products!$F$5:$F$254,Products!$E$5:$E$254,A15) -> #NAME? | D15: =AVERAGEIF(Products!$E$5:$E$254,A15,Products!$F$5:$F$254) -> 68400 | E15: =_xludf.MAXIFS(Products!$F$5:$F$254,Products!$E$5:$E$254,A15) -> #NAME?
A16: Wi-Fi Routers | B16: =COUNTIF(Products!$E$5:$E$254,A16) -> 10 | C16: =_xludf.MINIFS(Products!$F$5:$F$254,Products!$E$5:$E$254,A16) -> #NAME? | D16: =AVERAGEIF(Products!$E$5:$E$254,A16,Products!$F$5:$F$254) -> 39100 | E16: =_xludf.MAXIFS(Products!$F$5:$F$254,Products!$E$5:$E$254,A16) -> #NAME?
A17: Power Banks | B17: =COUNTIF(Products!$E$5:$E$254,A17) -> 10 | C17: =_xludf.MINIFS(Products!$F$5:$F$254,Products!$E$5:$E$254,A17) -> #NAME? | D17: =AVERAGEIF(Products!$E$5:$E$254,A17,Products!$F$5:$F$254) -> 20300 | E17: =_xludf.MAXIFS(Products!$F$5:$F$254,Products!$E$5:$E$254,A17) -> #NAME?
A18: Chargers | B18: =COUNTIF(Products!$E$5:$E$254,A18) -> 10 | C18: =_xludf.MINIFS(Products!$F$5:$F$254,Products!$E$5:$E$254,A18) -> #NAME? | D18: =AVERAGEIF(Products!$E$5:$E$254,A18,Products!$F$5:$F$254) -> 14000 | E18: =_xludf.MAXIFS(Products!$F$5:$F$254,Products!$E$5:$E$254,A18) -> #NAME?
A19: Keyboards | B19: =COUNTIF(Products!$E$5:$E$254,A19) -> 10 | C19: =_xludf.MINIFS(Products!$F$5:$F$254,Products!$E$5:$E$254,A19) -> #NAME? | D19: =AVERAGEIF(Products!$E$5:$E$254,A19,Products!$F$5:$F$254) -> 33400 | E19: =_xludf.MAXIFS(Products!$F$5:$F$254,Products!$E$5:$E$254,A19) -> #NAME?
A20: Computer Mice | B20: =COUNTIF(Products!$E$5:$E$254,A20) -> 10 | C20: =_xludf.MINIFS(Products!$F$5:$F$254,Products!$E$5:$E$254,A20) -> #NAME? | D20: =AVERAGEIF(Products!$E$5:$E$254,A20,Products!$F$5:$F$254) -> 19500 | E20: =_xludf.MAXIFS(Products!$F$5:$F$254,Products!$E$5:$E$254,A20) -> #NAME?
A21: Printers | B21: =COUNTIF(Products!$E$5:$E$254,A21) -> 10 | C21: =_xludf.MINIFS(Products!$F$5:$F$254,Products!$E$5:$E$254,A21) -> #NAME? | D21: =AVERAGEIF(Products!$E$5:$E$254,A21,Products!$F$5:$F$254) -> 80000 | E21: =_xludf.MAXIFS(Products!$F$5:$F$254,Products!$E$5:$E$254,A21) -> #NAME?
... A29: Projectors | B29: =COUNTIF(Products!$E$5:$E$254,A29) -> 10 | C29: =_xludf.MINIFS(Products!$F$5:$F$254,Products!$E$5:$E$254,A29) -> #NAME? | D29: =AVERAGEIF(Products!$E$5:$E$254,A29,Products!$F$5:$F$254) -> 211000 | E29: =_xludf.MAXIFS(Products!$F$5:$F$254,Products!$E$5:$E$254,A29) -> #NAME?
